[
{
    "model": "replay.scenario",
    "pk": 1,
    "fields": {
        "name": "Admin Login",
        "priority": 0.0
    }
},
{
    "model": "replay.scenario",
    "pk": 3,
    "fields": {
        "name": "Edit Essay",
        "priority": 0.2
    }
},
{
    "model": "replay.scenario",
    "pk": 4,
    "fields": {
        "name": "View Essay",
        "priority": 0.3
    }
},
{
    "model": "replay.scenario",
    "pk": 5,
    "fields": {
        "name": "Post Comment",
        "priority": 0.4
    }
},
{
    "model": "replay.scenario",
    "pk": 6,
    "fields": {
        "name": "Create Essay",
        "priority": 0.1
    }
},
{
    "model": "replay.scenario",
    "pk": 8,
    "fields": {
        "name": "Admin Browse",
        "priority": 1.0
    }
},
{
    "model": "replay.scenario",
    "pk": 9,
    "fields": {
        "name": "Admin Create Validators",
        "priority": 1.0
    }
},
{
    "model": "replay.scenario",
    "pk": 10,
    "fields": {
        "name": "Admin Clear Content",
        "priority": 1.0
    }
},
{
    "model": "replay.scenario",
    "pk": 11,
    "fields": {
        "name": "Admin Create Scenario",
        "priority": 1.0
    }
},
{
    "model": "replay.action",
    "pk": 16,
    "fields": {
        "scenario": 1,
        "order": 1.0,
        "name": "",
        "method": "POST",
        "path": "/admin/login/",
        "data": "{\r\n    \"username\": \"admin\",\r\n    \"csrfmiddlewaretoken\": \"47PDoLiRZEHCMlcjzqTrGF8akrbcSEML\",\r\n    \"password\": \"password\",\r\n    \"next\": \"/admin/login/\"\r\n}",
        "files": "{}",
        "status_code": "302",
        "content": ""
    }
},
{
    "model": "replay.action",
    "pk": 17,
    "fields": {
        "scenario": 1,
        "order": 1.0,
        "name": "",
        "method": "GET",
        "path": "/admin/login/",
        "data": "{}",
        "files": "{}",
        "status_code": "302",
        "content": ""
    }
},
{
    "model": "replay.action",
    "pk": 18,
    "fields": {
        "scenario": 1,
        "order": 1.0,
        "name": "Site administration | Django site admin",
        "method": "GET",
        "path": "/admin/",
        "data": "{}",
        "files": "{}",
        "status_code": "200",
        "content": ""
    }
},
{
    "model": "replay.action",
    "pk": 30,
    "fields": {
        "scenario": 3,
        "order": 1.0,
        "name": "Change essay | Django site admin",
        "method": "GET",
        "path": "/admin/www/essay/$eid/change/",
        "data": "{}",
        "files": "{}",
        "status_code": "200",
        "content": ""
    }
},
{
    "model": "replay.action",
    "pk": 32,
    "fields": {
        "scenario": 3,
        "order": 1.0,
        "name": "",
        "method": "POST",
        "path": "/admin/www/essay/$eid/change/",
        "data": "{\r\n    \"_save\": \"Save\",\r\n    \"title\": \"Test Title\",\r\n    \"text\": \"This is a test.\",\r\n    \"csrfmiddlewaretoken\": \"LCwJMutT4xE3JHySLLUFqz2kr1QJA4PB\",\r\n    \"publish_date_0\": \"2017-03-04\",\r\n    \"publish_date_1\": \"23:24:37\"\r\n}",
        "files": "{}",
        "status_code": "302",
        "content": ""
    }
},
{
    "model": "replay.action",
    "pk": 35,
    "fields": {
        "scenario": 4,
        "order": 1.0,
        "name": "Test",
        "method": "GET",
        "path": "/",
        "data": "{}",
        "files": "{}",
        "status_code": "200",
        "content": ""
    }
},
{
    "model": "replay.action",
    "pk": 37,
    "fields": {
        "scenario": 4,
        "order": 1.0,
        "name": "Test Title | Test",
        "method": "GET",
        "path": "/essays/$eid",
        "data": "{}",
        "files": "{}",
        "status_code": "200",
        "content": ""
    }
},
{
    "model": "replay.action",
    "pk": 38,
    "fields": {
        "scenario": 5,
        "order": 1.0,
        "name": "",
        "method": "POST",
        "path": "/essays/$eid",
        "data": "{\r\n    \"website\": \"\",\r\n    \"text\": \"This is a test comment.\",\r\n    \"csrfmiddlewaretoken\": \"LCwJMutT4xE3JHySLLUFqz2kr1QJA4PB\",\r\n    \"name\": \"Grant\",\r\n    \"email\": \"grant@example.com\"\r\n}",
        "files": "{}",
        "status_code": "302",
        "content": ""
    }
},
{
    "model": "replay.action",
    "pk": 39,
    "fields": {
        "scenario": 5,
        "order": 1.0,
        "name": "Test Title | Test",
        "method": "GET",
        "path": "/essays/$eid",
        "data": "{}",
        "files": "{}",
        "status_code": "200",
        "content": ""
    }
},
{
    "model": "replay.action",
    "pk": 41,
    "fields": {
        "scenario": 6,
        "order": 1.0,
        "name": "Select essay to change | Django site admin",
        "method": "GET",
        "path": "/admin/www/essay/",
        "data": "{}",
        "files": "{}",
        "status_code": "200",
        "content": ""
    }
},
{
    "model": "replay.action",
    "pk": 43,
    "fields": {
        "scenario": 6,
        "order": 1.0,
        "name": "Add essay | Django site admin",
        "method": "GET",
        "path": "/admin/www/essay/add/",
        "data": "{}",
        "files": "{}",
        "status_code": "200",
        "content": ""
    }
},
{
    "model": "replay.action",
    "pk": 45,
    "fields": {
        "scenario": 6,
        "order": 1.0,
        "name": "",
        "method": "POST",
        "path": "/admin/www/essay/add/",
        "data": "{\r\n    \"title\": \"Test Title\",\r\n    \"text\": \"This is a test.\",\r\n    \"csrfmiddlewaretoken\": \"LCwJMutT4xE3JHySLLUFqz2kr1QJA4PB\",\r\n    \"publish_date_0\": \"\",\r\n    \"publish_date_1\": \"\",\r\n    \"_continue\": \"Save and continue editing\"\r\n}",
        "files": "{}",
        "status_code": "302",
        "content": ""
    }
},
{
    "model": "replay.action",
    "pk": 46,
    "fields": {
        "scenario": 6,
        "order": 1.0,
        "name": "Change essay | Django site admin",
        "method": "GET",
        "path": "/admin/www/essay/$eid/change/",
        "data": "{}",
        "files": "{}",
        "status_code": "200",
        "content": ""
    }
},
{
    "model": "replay.action",
    "pk": 111,
    "fields": {
        "scenario": 8,
        "order": 1.0,
        "name": "Replay administration | Django site admin",
        "method": "GET",
        "path": "/admin/replay/",
        "data": "{}",
        "files": "{}",
        "status_code": "200",
        "content": ""
    }
},
{
    "model": "replay.action",
    "pk": 112,
    "fields": {
        "scenario": 8,
        "order": 1.0,
        "name": "Select action to change | Django site admin",
        "method": "GET",
        "path": "/admin/replay/action/",
        "data": "{}",
        "files": "{}",
        "status_code": "200",
        "content": ""
    }
},
{
    "model": "replay.action",
    "pk": 114,
    "fields": {
        "scenario": 8,
        "order": 1.0,
        "name": "Select scenario to change | Django site admin",
        "method": "GET",
        "path": "/admin/replay/scenario/",
        "data": "{}",
        "files": "{}",
        "status_code": "200",
        "content": ""
    }
},
{
    "model": "replay.action",
    "pk": 116,
    "fields": {
        "scenario": 8,
        "order": 1.0,
        "name": "Select validator to change | Django site admin",
        "method": "GET",
        "path": "/admin/replay/validator/",
        "data": "{}",
        "files": "{}",
        "status_code": "200",
        "content": ""
    }
},
{
    "model": "replay.action",
    "pk": 118,
    "fields": {
        "scenario": 8,
        "order": 1.0,
        "name": "&lt;Action: 16 POST /admin/login/&gt; | Change action | Django site admin",
        "method": "GET",
        "path": "/admin/replay/action/16/change/",
        "data": "{}",
        "files": "{}",
        "status_code": "200",
        "content": ""
    }
},
{
    "model": "replay.action",
    "pk": 120,
    "fields": {
        "scenario": 8,
        "order": 1.0,
        "name": "Admin Login | Change scenario | Django site admin",
        "method": "GET",
        "path": "/admin/replay/scenario/1/change/",
        "data": "{}",
        "files": "{}",
        "status_code": "200",
        "content": ""
    }
},
{
    "model": "replay.action",
    "pk": 122,
    "fields": {
        "scenario": 8,
        "order": 1.0,
        "name": "/essays/\\\\d+ | Change validator | Django site admin",
        "method": "GET",
        "path": "/admin/replay/validator/11/change/",
        "data": "{}",
        "files": "{}",
        "status_code": "200",
        "content": ""
    }
},
{
    "model": "replay.action",
    "pk": 128,
    "fields": {
        "scenario": 9,
        "order": 1.0,
        "name": "Select action to change | Django site admin",
        "method": "GET",
        "path": "/admin/replay/action/",
        "data": "{}",
        "files": "{}",
        "status_code": "200",
        "content": ""
    }
},
{
    "model": "replay.action",
    "pk": 130,
    "fields": {
        "scenario": 9,
        "order": 1.0,
        "name": "POST /admin/replay/action/",
        "method": "POST",
        "path": "/admin/replay/action/",
        "data": "{\r\n    \"csrfmiddlewaretoken\": \"K02fqCnKxUumVjHRtfVOI8Tvd6VPhJgjzYnO3tX06pzN8oQ0eDEXEQPx1mzFhArG\",\r\n    \"action\": \"create_validators\",\r\n    \"select_across\": \"0\",\r\n    \"index\": \"0\",\r\n    \"_selected_action\": \"122\"\r\n}",
        "files": "{}",
        "status_code": "302",
        "content": ""
    }
},
{
    "model": "replay.action",
    "pk": 131,
    "fields": {
        "scenario": 10,
        "order": 1.0,
        "name": "Select action to change | Django site admin",
        "method": "GET",
        "path": "/admin/replay/action/",
        "data": "{}",
        "files": "{}",
        "status_code": "200",
        "content": ""
    }
},
{
    "model": "replay.action",
    "pk": 133,
    "fields": {
        "scenario": 10,
        "order": 1.0,
        "name": "POST /admin/replay/action/",
        "method": "POST",
        "path": "/admin/replay/action/",
        "data": "{\r\n    \"csrfmiddlewaretoken\": \"bLh4Y1nMSRSOxoHxFU1DVvjuMx4KYPG10JCDBSX2rmXfKtQGqiKMRdfwANIAYGRo\",\r\n    \"action\": \"clear_content\",\r\n    \"select_across\": \"0\",\r\n    \"index\": \"0\",\r\n    \"_selected_action\": \"122\"\r\n}",
        "files": "{}",
        "status_code": "302",
        "content": ""
    }
},
{
    "model": "replay.action",
    "pk": 134,
    "fields": {
        "scenario": 11,
        "order": 1.0,
        "name": "Select action to change | Django site admin",
        "method": "GET",
        "path": "/admin/replay/action/",
        "data": "{}",
        "files": "{}",
        "status_code": "200",
        "content": ""
    }
},
{
    "model": "replay.action",
    "pk": 136,
    "fields": {
        "scenario": 11,
        "order": 1.0,
        "name": "POST /admin/replay/action/",
        "method": "POST",
        "path": "/admin/replay/action/",
        "data": "{\r\n    \"csrfmiddlewaretoken\": \"pQXztUGgARNVkr9enQu1KGdrBy3ek5VYeOi86Lgw9mSmxwin8edaGo9tpOH4kW6l\",\r\n    \"action\": \"create_scenario\",\r\n    \"select_across\": \"0\",\r\n    \"index\": \"0\",\r\n    \"_selected_action\": \"122\"\r\n}",
        "files": "{}",
        "status_code": "302",
        "content": ""
    }
},
{
    "model": "replay.validator",
    "pk": 11,
    "fields": {
        "action": 38,
        "order": 1.0,
        "pattern": "/essays/\\d+"
    }
},
{
    "model": "replay.validator",
    "pk": 12,
    "fields": {
        "action": 39,
        "order": 1.0,
        "pattern": "Test\\ Title\\ \\|\\ Test"
    }
},
{
    "model": "replay.validator",
    "pk": 13,
    "fields": {
        "action": 35,
        "order": 1.0,
        "pattern": "Test"
    }
},
{
    "model": "replay.validator",
    "pk": 14,
    "fields": {
        "action": 37,
        "order": 1.0,
        "pattern": "Test\\ Title\\ \\|\\ Test"
    }
},
{
    "model": "replay.validator",
    "pk": 15,
    "fields": {
        "action": 30,
        "order": 1.0,
        "pattern": "Change\\ essay\\ \\|\\ Django\\ site\\ admin"
    }
},
{
    "model": "replay.validator",
    "pk": 16,
    "fields": {
        "action": 32,
        "order": 1.0,
        "pattern": "/admin/www/essay/"
    }
},
{
    "model": "replay.validator",
    "pk": 21,
    "fields": {
        "action": 16,
        "order": 1.0,
        "pattern": "/admin/login/"
    }
},
{
    "model": "replay.validator",
    "pk": 22,
    "fields": {
        "action": 17,
        "order": 1.0,
        "pattern": "/admin/"
    }
},
{
    "model": "replay.validator",
    "pk": 23,
    "fields": {
        "action": 18,
        "order": 1.0,
        "pattern": "Site\\ administration\\ \\|\\ Django\\ site\\ admin"
    }
},
{
    "model": "replay.validator",
    "pk": 24,
    "fields": {
        "action": 45,
        "order": 1.0,
        "pattern": "/admin/www/essay/(?P<eid>\\d+)/"
    }
},
{
    "model": "replay.validator",
    "pk": 25,
    "fields": {
        "action": 41,
        "order": 1.0,
        "pattern": "Select\\ essay\\ to\\ change\\ \\|\\ Django\\ site\\ admin"
    }
},
{
    "model": "replay.validator",
    "pk": 26,
    "fields": {
        "action": 43,
        "order": 1.0,
        "pattern": "Add\\ essay\\ \\|\\ Django\\ site\\ admin"
    }
},
{
    "model": "replay.validator",
    "pk": 27,
    "fields": {
        "action": 46,
        "order": 1.0,
        "pattern": "Change\\ essay\\ \\|\\ Django\\ site\\ admin"
    }
},
{
    "model": "replay.validator",
    "pk": 31,
    "fields": {
        "action": 111,
        "order": 1.0,
        "pattern": "Replay\\ administration\\ \\|\\ Django\\ site\\ admin"
    }
},
{
    "model": "replay.validator",
    "pk": 32,
    "fields": {
        "action": 112,
        "order": 1.0,
        "pattern": "Select\\ action\\ to\\ change\\ \\|\\ Django\\ site\\ admin"
    }
},
{
    "model": "replay.validator",
    "pk": 33,
    "fields": {
        "action": 114,
        "order": 1.0,
        "pattern": "Select\\ scenario\\ to\\ change\\ \\|\\ Django\\ site\\ admin"
    }
},
{
    "model": "replay.validator",
    "pk": 34,
    "fields": {
        "action": 116,
        "order": 1.0,
        "pattern": "Select\\ validator\\ to\\ change\\ \\|\\ Django\\ site\\ admin"
    }
},
{
    "model": "replay.validator",
    "pk": 35,
    "fields": {
        "action": 118,
        "order": 1.0,
        "pattern": "\\&lt;Action:\\ 16\\ POST\\ /admin/login/\\&gt;\\ \\|\\ Change\\ action\\ \\|\\ Django\\ site\\ admin"
    }
},
{
    "model": "replay.validator",
    "pk": 36,
    "fields": {
        "action": 120,
        "order": 1.0,
        "pattern": "Admin\\ Login\\ \\|\\ Change\\ scenario\\ \\|\\ Django\\ site\\ admin"
    }
},
{
    "model": "replay.validator",
    "pk": 37,
    "fields": {
        "action": 122,
        "order": 1.0,
        "pattern": "/essays/\\\\\\\\d\\+\\ \\|\\ Change\\ validator\\ \\|\\ Django\\ site\\ admin"
    }
},
{
    "model": "replay.validator",
    "pk": 38,
    "fields": {
        "action": 134,
        "order": 1.0,
        "pattern": "Select\\ action\\ to\\ change\\ \\|\\ Django\\ site\\ admin"
    }
},
{
    "model": "replay.validator",
    "pk": 39,
    "fields": {
        "action": 136,
        "order": 1.0,
        "pattern": "/admin/replay/scenario/\\d+/change/"
    }
},
{
    "model": "replay.validator",
    "pk": 40,
    "fields": {
        "action": 131,
        "order": 1.0,
        "pattern": "Select\\ action\\ to\\ change\\ \\|\\ Django\\ site\\ admin"
    }
},
{
    "model": "replay.validator",
    "pk": 41,
    "fields": {
        "action": 133,
        "order": 1.0,
        "pattern": "/admin/replay/action/"
    }
},
{
    "model": "replay.validator",
    "pk": 42,
    "fields": {
        "action": 128,
        "order": 1.0,
        "pattern": "Select\\ action\\ to\\ change\\ \\|\\ Django\\ site\\ admin"
    }
},
{
    "model": "replay.validator",
    "pk": 43,
    "fields": {
        "action": 130,
        "order": 1.0,
        "pattern": "/admin/replay/action/"
    }
}
]
